F.J. Heemstr	   F.J. Heemstr	   F.J. Heemstr	   F.J. Heemstr	   F.J. Heemstr	   F.J. Heemstr
clomipramine tricyclic antidepressant  serum creatinine level
FaMes
TiAl for coating
.Annual Bonus Schemes and the Manipulation of Earnings
0165-1684 
18th dioxin symposium
1985. Vol. 6. P. 238.
1D model for description of mixing controlled inert diesel spray
2012 Hybrid modelling
3D laser scanning technology
A Clarification of the Orthogonal Effects in a Three-Dimensional Seismic Analysis
a methodology and architecture for reactive scheduling
a new adaptive filter and a quality evaluation index for image restoration
A new system of Cucurbitaceae
A review of helium gas turbine technology for high-temperature gas-cooled reactors
A study on the shear strength of rock joint of partial 
abalone Indonesia
acceleration of plate flat
 accidental release methane
 acid denaturation of DNA
 acrylic emulsion and anhydride maleic
 Actinopterygii phylogeny
 ADDICTION HEROINE
 Adler	 Adler	 Adler	 Adler	 Adler	 Adler
 adventitious root		Plant Physiology and Biochemistry
 age with method EMPA
 air pollution by enzyme immobilization
 alcohol production yeast
 alcoolisme
 alternance of valuation model in accounting
 Amodel of lithospheredetachment and its test in the magmatism 	Davies
 An analysis of Euro area sovereign CDS and their relation with government bonds. ECB Working Paper 1271.	sims
 An emergency logistics distribution approach for quick response to urgent
 An exploration of supplier selection practices across the supply chain 
 An of evaluation some parameters of a laboratory- prepared fermented groundnut milk
 anaerobic digestion	salmin
 analysis of human and veterinary pharmaceuticals and some of their metabolites in surface and treated waters by ultra-high-performance liquid chromatography coupled to quadrupole-linear ion trap tandem mass spectrometry
 analytical applicatin of photochmistry
 Anastomosis
 Anhidrosis
 animal health managment
 animalmodel of diabetic encephalopathy new therapy
 anther ploidy
 anticoagulation with warfarin vs acenocoumarol
 antidiabetes	h.sakashita
 antioxidant
 antioxidant activity of tannin
 antiparkinsonian drug
 antiulcera curcuma longa 
 apoptosis in developing bovine embryos
 apthous ulcer management
 architecture bangladesh
 aroyl hydrazone dyes
 asphaltene crude oil	Sullivan
 Assumption of adsorption of gas phase of pollutants on atmospheric particles
 Atenolol ion pair
 ATTITUDE CHANGE TOWARDS GUESTS WITH DISABILITIES Reflections From Tourism Students
 Au catalyst
 AUTO INDUSTRY
 AUTO INDUSTRY
 Automatic Partitioning of Full-Motion Vide
 Avicennia marina
 Baby Cabbage
 bacillus	Oda
 bacteria
 Ballistics			78	5
 bapta culture
 Bardo Schmitt	 Bardo Schmitt	 Bardo Schmitt	 Bardo Schmitt	 Bardo Schmitt	 Bardo Schmitt
 barium dititanate
 bariumferrite
 basic ofserial dilution
 benefits AND organisation change
 benzocaine buccal tablet dose
 Berberine
 beta lactoglobulin	iametti
 beth valentine	 beth valentine	 beth valentine	 beth valentine	 beth valentine	 beth valentine
 betti
 biodegradation of waste leather
 biodiversity-friendly coffee financially viable
 bioliching of platinum group elements
 biosorption of dyes
 bitterness intensity of soybean protein hydrolysates	Kukman Il
 blighia sapida for illment treatment
 blighia sapida for treatment of psoriasis
 Bloomstein T.M. and Ehrlich D.J	 Bloomstein T.M. and Ehrlich D.J	 Bloomstein T.M. and Ehrlich D.J	 Bloomstein T.M. and Ehrlich D.J	 Bloomstein T.M. and Ehrlich D.J	 Bloomstein T.M. and Ehrlich D.J
 blueberry 
 blum blum shub en matlab
 Boechat	 Boechat	 Boechat	 Boechat	 Boechat	 Boechat
 Brand communities
 brassinosteriods
 business combinations
 Business Intelligence
 Buysse DJ	 Buysse DJ	 Buysse DJ	 Buysse DJ	 Buysse DJ	 Buysse DJ
 c14 inhibitor
 c4 Olefin Conversion Technology
 Cadmium removal and recovery from aqueous solutions by novel adsorbents prepared from orange pee
 calabi-floody	 calabi-floody	 calabi-floody	 calabi-floody	 calabi-floody	 calabi-floody
 calcite apatite bone ph leaching
 calcium channel
 calcium fluoride and waterworks sludge
 Camellia Oleifera Able	Dafang Gao
 canine distemper
 cannabinnol
 car axle
 carbide lime
 Car-Parrinello Molecular Dynamics 
 carrier Ce0.5Zr0.5O2
 Case Study ofEIA Decision Making Tool 
 Cases and solutions
 caspofungin and micafungin
 cationic ion exchange resin 
 cellose
 Cells Play an Important Role in Acute Experimental Pancreatitis in Mice 
 cereal processsing
 cesium oxide nano catalyst 
 cgcg
 Change of scale in granular materials
 characteristiscs Dynamic vibration analysis on labview
 charitable organization 
 china airline growth
 cholride ion selective electrode
 Chongqing Foreign trade Development Economy
 Chuang.J.C	 Chuang.J.C	 Chuang.J.C	 Chuang.J.C	 Chuang.J.C	 Chuang.J.C
 chuck
 citrus aurantium
 Classification and treatment of hamate fracture
 clementi barsotti fromm	 clementi barsotti fromm	 clementi barsotti fromm	 clementi barsotti fromm	 clementi barsotti fromm	 clementi barsotti fromm
